receptor_id,receptor_name,category,category_original,address,latitude,longitude,wkt,dist_mi_global,dist_m_global,dist_mi_citgo,dist_m_citgo,dist_mi_buckeye,dist_m_buckeye,dist_mi_gulf_sunoco,dist_m_gulf_sunoco,dist_mi_sprague,dist_m_sprague,dist_mi_pplc,dist_m_pplc,nearest_farm,min_dist_mi,min_dist_m,within_1mi_of_any,suspect_geocode
dora_l_small_elementary,Dora L. Small Elementary,school,public school,87 Thompson Street South Portland ME,43.6414104,-70.2334214,POINT (-70.233421 43.641410),1.966,3164.0,1.201,1932.8,2.443,3931.6,0.281,452.2,2.425,3902.7,1.753,2821.2,gulf_sunoco,0.281,452.2,Y,N
frank_i_brown_elementary,Frank I. Brown Elementary,school,public school,37 Highland Avenue South Portland ME,43.6347423,-70.2489153,POINT (-70.248915 43.634742),1.125,1810.5,0.482,775.7,1.664,2677.9,0.99,1593.3,1.628,2620.0,0.853,1372.8,citgo,0.482,775.7,Y,N
skillin_elementary,Skillin Elementary,school,public school,180 Wescott Road South Portland ME,43.6253478,-70.3051458,POINT (-70.305146 43.625348),1.48,2381.8,1.942,3125.3,1.241,1997.2,3.625,5833.9,0.797,1282.6,1.517,2441.4,sprague,0.797,1282.6,Y,N
dyer_elementary,Dyer Elementary,school,public school,52 Alfred Street South Portland ME,43.6221945,-70.2741861,POINT (-70.274186 43.622194),0.521,838.5,0.903,1453.2,1.019,1639.9,2.49,4007.3,0.969,1559.5,0.164,263.9,pplc,0.164,263.9,Y,N
kaler_elementary_closed_as_school_summer_camp_use_2026,Kaler Elementary (closed as school; summer camp use 2026),school,public school,165 South Kelsey Street South Portland ME,43.6287422,-70.2685791,POINT (-70.268579 43.628742),0.331,532.7,0.391,629.3,0.86,1384.0,1.988,3199.4,0.824,1326.1,0.042,67.6,pplc,0.042,67.6,Y,N
south_portland_middle_school,South Portland Middle School,school,public school,120 Wescott Road South Portland ME,43.6266873,-70.3028653,POINT (-70.302865 43.626687),1.351,2174.2,1.802,2900.0,1.094,1760.6,3.481,5602.1,0.653,1050.9,1.386,2230.6,sprague,0.653,1050.9,Y,N
south_portland_high_school,South Portland High School,school,public school,637 Highland Avenue South Portland ME,43.6219258,-70.2683263,POINT (-70.268326 43.621926),0.658,1058.9,0.856,1377.6,1.194,1921.6,2.292,3688.6,1.171,1884.5,0.18,289.7,pplc,0.18,289.7,Y,N
betsy_ross_house_spha_123_units_62,"Betsy Ross House (SPHA, 123 units, 62+)",senior_housing,senior housing,99 Preble Street Extension South Portland ME,43.6454468,-70.2354089,POINT (-70.235409 43.645447),1.963,3159.1,1.174,1889.4,2.391,3847.9,0.005,8.0,2.375,3822.2,1.826,2938.7,gulf_sunoco,0.005,8.0,Y,N
ridgeland_estates_spha,Ridgeland Estates (SPHA),senior_housing,senior housing,109 Ridgeland Avenue South Portland ME,43.6314837,-70.2863413,POINT (-70.286341 43.631484),0.485,780.5,0.912,1467.7,0.292,469.9,2.597,4179.5,0.088,141.6,0.531,854.6,sprague,0.088,141.6,Y,N
thornton_heights_commons_spha_elderly_preference,"Thornton Heights Commons (SPHA, elderly preference)",senior_housing,senior housing,611 Main Street South Portland ME,43.622274,-70.302531,POINT (-70.302531 43.622274),1.417,2280.4,1.917,3085.1,1.277,2055.1,3.618,5822.6,0.826,1329.3,1.426,2294.9,sprague,0.826,1329.3,Y,N
linton_street_facility_assisted_living_rcc610,"Linton Street Facility (assisted living, RCC610)",senior_housing,senior housing,66 Linton Street South Portland ME,43.6319459,-70.3049783,POINT (-70.304978 43.631946),1.408,2266.0,1.811,2914.5,1.042,1676.9,3.426,5513.6,0.68,1094.4,1.465,2357.7,sprague,0.68,1094.4,Y,N
albany_street_assisted_living_rcc1301,"Albany Street (assisted living, RCC1301)",senior_housing,senior housing,49 Albany Street Extension South Portland ME,43.6155467,-70.3138748,POINT (-70.313875 43.615547),2.125,3419.9,2.64,4248.7,2.006,3228.3,4.346,6994.2,1.555,2502.5,2.11,3395.7,sprague,1.555,2502.5,N,N
gordon_green_assisted_living,Gordon Green (assisted living),senior_housing,senior housing,23 Third Street South Portland ME,43.641131,-70.2451573,POINT (-70.245157 43.641131),1.399,2251.5,0.619,996.2,1.857,2988.6,0.54,869.0,1.841,2962.8,1.262,2031.0,gulf_sunoco,0.54,869.0,Y,N
sawyer_street_house_assisted_living,Sawyer Street House (assisted living),senior_housing,senior housing,388 Sawyer Street South Portland ME,43.6384927,-70.2385382,POINT (-70.238538 43.638493),1.672,2690.8,0.931,1498.3,2.173,3497.1,0.499,803.1,2.149,3458.5,1.433,2306.2,gulf_sunoco,0.499,803.1,Y,N
one_willow_manor_residential_care,One Willow Manor (residential care),senior_housing,senior housing,97 School Street South Portland ME,43.6477768,-70.2401054,POINT (-70.240105 43.647777),1.826,2938.7,1.04,1673.7,2.208,3553.4,0.133,214.0,2.192,3527.7,1.763,2837.3,gulf_sunoco,0.133,214.0,Y,N
colony_lane_assisted_living_rcc213,"Colony Lane (assisted living, RCC213)",senior_housing,senior housing,19 Colony Lane South Portland ME,43.6285168,-70.3125609,POINT (-70.312561 43.628517),1.813,2917.7,2.23,3588.8,1.474,2372.2,3.866,6221.7,1.078,1734.9,1.849,2975.7,sprague,1.078,1734.9,N,N
pride_house_assisted_living,Pride House (assisted living),senior_housing,senior housing,549 Westbrook Street South Portland ME,43.6360465,-70.3139515,POINT (-70.313952 43.636046),1.865,3001.4,2.238,3601.7,1.459,2348.0,3.763,6056.0,1.018,1638.3,1.945,3130.2,sprague,1.018,1638.3,N,N
wescott_residential_care,Wescott (residential care),senior_housing,senior housing,194 Wescott Road South Portland ME,43.6254941,-70.3071526,POINT (-70.307153 43.625494),1.577,2537.9,2.032,3270.2,1.319,2122.7,3.709,5969.1,0.881,1417.8,1.613,2595.9,sprague,0.881,1417.8,Y,N
wilson_street_assisted_living,Wilson Street (assisted living),senior_housing,senior housing,15 Wilson Street South Portland ME,43.6218716,-70.3009243,POINT (-70.300924 43.621872),1.353,2177.4,1.86,2993.4,1.243,2000.4,3.565,5737.3,0.796,1281.0,1.355,2180.7,sprague,0.796,1281.0,Y,N
youth_amp_family_outreach,Youth &amp; Family Outreach,childcare_center,childcare-center,"1065 Broadway, South Portland, ME 04106",43.6288244,-70.2756892,POINT (-70.275689 43.628824),0.06,96.6,0.561,902.8,0.594,956.0,2.265,3645.2,0.572,920.5,0.121,194.7,global,0.06,96.6,Y,N
the_opportunity_alliance_lydia_lane,The Opportunity Alliance- Lydia Lane,childcare_center,childcare-center,"50 Lydia Ln., South Portland, ME 04106",43.637517,-70.3035987,POINT (-70.303599 43.637517),1.352,2175.8,1.723,2772.9,0.949,1527.3,3.237,5209.4,0.494,795.0,1.467,2360.9,sprague,0.494,795.0,Y,N
the_children_s_nursery_school,The Children's Nursery School,childcare_nursery,childcare-nursery,"159 State St, Portland, ME 04104",43.6526644,-70.265265,POINT (-70.265265 43.652664),1.233,1984.3,0.826,1329.3,1.331,2142.0,1.204,1937.7,1.264,2034.2,1.577,2537.9,citgo,0.826,1329.3,Y,N
catherine_morrill_day_nursery,Catherine Morrill Day Nursery,childcare_center,childcare-center,"96 Danforth St, Portland, ME 04101",43.6516254,-70.2599136,POINT (-70.259914 43.651625),1.309,2106.6,0.802,1290.7,1.466,2359.3,0.93,1496.7,1.447,2328.7,1.573,2531.5,citgo,0.802,1290.7,Y,N
stacie_archibald,Stacie Archibald,childcare_family,childcare-family,"68 Jordan Ave, South Portland, ME 04106",43.6321839,-70.246956,POINT (-70.246956 43.632184),1.229,1977.9,0.664,1068.6,1.789,2879.1,1.08,1738.1,1.746,2809.9,0.876,1409.8,citgo,0.664,1068.6,Y,N
goldman_family_preschool,Goldman Family Preschool,childcare_center,childcare-center,"1342 Congress St, Portland, ME 04103",43.6583698,-70.2952702,POINT (-70.295270 43.658370),1.765,2840.5,1.895,3049.7,1.504,2420.5,2.75,4425.7,1.227,1974.7,2.125,3419.9,sprague,1.227,1974.7,N,N
spring_point_childrens_center,Spring Point Childrens Center,childcare_center,childcare-center,"36 Broadway, South Portland, ME 04106",43.6463949,-70.2334247,POINT (-70.233425 43.646395),2.08,3347.4,1.29,2076.1,2.503,4028.2,0.009,14.5,2.487,4002.4,1.944,3128.6,gulf_sunoco,0.009,14.5,Y,N
the_opportuinity_alliance_east_end,The Opportuinity Alliance- East End,childcare_center,childcare-center,"215 Congress St, Portland, ME 04101",43.6635893,-70.2509426,POINT (-70.250943 43.663589),2.24,3604.9,1.7,2735.9,2.367,3809.3,0.929,1495.1,2.292,3688.6,2.471,3976.7,gulf_sunoco,0.929,1495.1,Y,N
bright_horizons_children_s_center_llc,"Bright Horizons Children's Center, LLC.",childcare_center,childcare-center,"2195 Congress St, Portland, ME 04102",43.6525497,-70.3292301,POINT (-70.329230 43.652550),2.853,4591.5,3.18,5117.7,2.484,3997.6,4.398,7077.9,2.047,3294.3,3.063,4929.4,sprague,2.047,3294.3,N,N
the_children_s_center_minis,The Children's Center-Minis,childcare_center,childcare-center,"1006 Forest Ave, Portland, ME 04103",43.6818669,-70.2904215,POINT (-70.290421 43.681867),3.188,5130.6,3.099,4987.4,3.018,4857.0,3.225,5190.1,2.76,4441.8,3.575,5753.4,sprague,2.76,4441.8,N,N
the_children_s_center_portland,The Children's Center - Portland,childcare_center,childcare-center,"721 Stevens Ave, Portland, ME 04103",43.683088,-70.2935183,POINT (-70.293518 43.683088),3.306,5320.5,3.24,5214.3,3.123,5026.0,3.399,5470.2,2.86,4602.7,3.692,5941.7,sprague,2.86,4602.7,N,N
children_s_odyssey,Children's Odyssey,childcare_center,childcare-center,"19 Libby St, Portland, ME 04103",43.6951459,-70.3020856,POINT (-70.302086 43.695146),4.221,6793.0,4.172,6714.2,4.02,6469.6,4.263,6860.6,3.751,6036.6,4.604,7409.4,sprague,3.751,6036.6,N,N
first_lutheran_children_s_program,First Lutheran Children's Program,childcare_center,childcare-center,"132 Auburn St, Portland, ME 04103",43.7049261,-70.2900039,POINT (-70.290004 43.704926),4.744,7634.7,4.586,7380.5,4.594,7393.3,4.374,7039.3,4.339,6982.9,5.132,8259.2,sprague,4.339,6982.9,N,N
st_elizabeths_child_dev_center,St. Elizabeths Child Dev Center,childcare_center,childcare-center,"6 Two Lights Rd, Cape Elizabeth, ME 04107",43.5726211,-70.2200642,POINT (-70.220064 43.572621),4.819,7755.4,4.835,7781.2,5.354,8616.4,5.05,8127.2,5.319,8560.1,4.21,6775.3,pplc,4.21,6775.3,N,N
jennifer_wescott,Jennifer Wescott,childcare_family,childcare-family,"42 Constitution Dr, Westbrook, ME 04092",43.6959146,-70.3322635,POINT (-70.332263 43.695915),4.936,7943.7,5.042,8114.3,4.653,7488.3,5.488,8832.1,4.345,6992.6,5.285,8505.4,sprague,4.345,6992.6,N,N
julie_higgins,Julie Higgins,childcare_family,childcare-family,"18 Constitution Dr, Westbrook, ME 04092",43.6980247,-70.3350777,POINT (-70.335078 43.698025),5.136,8265.6,5.244,8439.4,4.85,7805.3,5.685,9149.1,4.541,7308.0,5.483,8824.0,sprague,4.541,7308.0,N,N
love_amp_laughter_daycare,Love &amp; Laughter Daycare,childcare_center,childcare-center,"15 Madison St, Westbrook, ME 04092",43.6723784,-70.3837925,POINT (-70.383792 43.672378),5.9,9495.1,6.214,10000.5,5.533,8904.5,7.282,11719.2,5.096,8201.2,6.112,9836.3,sprague,5.096,8201.2,N,N
three_little_birds_preschool,THREE LITTLE BIRDS PRESCHOOL,childcare_family,childcare-family,"4 Saco St, Scarborough, ME 04074",43.6401944,-70.3995201,POINT (-70.399520 43.640194),6.157,9908.7,6.528,10505.8,5.751,9255.3,7.946,12787.8,5.299,8527.9,6.228,10023.0,sprague,5.299,8527.9,N,N
winfield_children_s_house,Winfield Children's House,childcare_center,childcare-center,"161 Field Rd, Falmouth, ME 04105",43.7627312,-70.2759213,POINT (-70.275921 43.762731),8.666,13946.6,8.403,13523.3,8.561,13777.6,7.725,12432.2,8.318,13386.5,9.051,14566.2,gulf_sunoco,7.725,12432.2,N,N
breakwater_school,Breakwater School,childcare_center,childcare-center,"856 Brighton Ave, Portland, ME 04102",43.6725407,-70.3134751,POINT (-70.313475 43.672541),3.084,4963.2,3.226,5191.7,2.794,4496.5,3.912,6295.8,2.486,4000.8,3.427,5515.2,sprague,2.486,4000.8,N,N
glickman_lauder_ctr_of_excellence_in_autism_amp_developmenta,Glickman Lauder Ctr. Of Excellence In Autism &amp; Developmental Disorders,childcare_center,childcare-center,"37 Andover Rd, Portland, ME 04102",43.6533487,-70.3398168,POINT (-70.339817 43.653349),3.367,5418.7,3.702,5957.8,2.994,4818.4,4.929,7932.5,2.545,4095.8,3.559,5727.7,sprague,2.545,4095.8,N,N
children_s_enrichment_on_the_cape,Children's Enrichment On The Cape,childcare_center,childcare-center,"119 Old Ocean House Rd, Cape Elizabeth, ME 04107",43.5793672,-70.2189019,POINT (-70.218902 43.579367),4.488,7222.7,4.461,7179.3,5.025,8087.0,4.602,7406.2,4.999,8045.1,3.855,6204.0,pplc,3.855,6204.0,N,N
art_play_nursery_school,Art Play Nursery School,childcare_nursery,childcare-nursery,"524 Allen Ave, Portland, ME 04103",43.704407,-70.283089,POINT (-70.283089 43.704407),4.672,7518.9,4.47,7193.8,4.546,7316.1,4.15,6678.8,4.3,6920.2,5.059,8141.7,gulf_sunoco,4.15,6678.8,N,N
brilliant_stars_montessori_home,Brilliant Stars Montessori Home,childcare_family,childcare-family,"5 Bartley Ave., Portland, ME 04103",43.7070394,-70.2898382,POINT (-70.289838 43.707039),4.886,7863.3,4.724,7602.5,4.738,7625.1,4.489,7224.3,4.483,7214.7,5.275,8489.3,sprague,4.483,7214.7,N,N
ketcha_outdoors,Ketcha Outdoors,childcare_center,childcare-center,"336 Black Point Rd, Scarborough, ME 04074",43.5592156,-70.3031088,POINT (-70.303109 43.559216),5.023,8083.7,5.464,8793.5,5.324,8568.1,6.826,10985.4,4.957,7977.5,4.719,7594.5,pplc,4.719,7594.5,N,N
portside_learning_center,Portside Learning Center,childcare_center,childcare-center,"1976 Washington Ave, Portland, ME 04103",43.7167988,-70.3014186,POINT (-70.301419 43.716799),5.649,9091.2,5.535,8907.7,5.472,8806.3,5.369,8640.6,5.209,8383.1,6.036,9714.0,sprague,5.209,8383.1,N,N
pine_grove_montessori_school_falmouth,Pine Grove Montessori School Falmouth,childcare_center,childcare-center,"32 Foreside Rd, Falmouth, ME 04105",43.7124761,-70.2303665,POINT (-70.230367 43.712476),5.696,9166.8,5.206,8378.2,5.748,9250.5,4.053,6522.7,5.585,8988.2,5.983,9628.7,gulf_sunoco,4.053,6522.7,N,N
blais_nursery_school,Blais Nursery School,childcare_nursery,childcare-nursery,"600 Cumberland St, Westbrook, ME 04092",43.6946438,-70.3704434,POINT (-70.370443 43.694644),6.16,9913.6,6.389,10282.1,5.823,9371.2,7.128,11471.4,5.447,8766.1,6.451,10381.9,sprague,5.447,8766.1,N,N
davinci_childcare,Davinci Childcare,childcare_center,childcare-center,"267 Falmouth Rd, Falmouth, ME 04105",43.7335258,-70.278861,POINT (-70.278861 43.733526),6.661,10719.8,6.416,10325.6,6.55,10541.2,5.851,9416.3,6.307,10150.1,7.047,11341.0,gulf_sunoco,5.851,9416.3,N,N
apple_blossom_childcare,APPLE BLOSSOM CHILDCARE,childcare_family,childcare-family,"10 Brookside Dr, Falmouth, ME 04105",43.729713,-70.3141706,POINT (-70.314171 43.729713),6.668,10731.1,6.588,10602.4,6.469,10410.8,6.461,10398.0,6.2,9977.9,7.052,11349.1,sprague,6.2,9977.9,N,N
sunny_days_childcare_amp_education_center,Sunny Days Childcare &amp; Education Center,childcare_center,childcare-center,"8 Elkins Rd, Gorham, ME 04038",43.6784471,-70.4208069,POINT (-70.420807 43.678447),7.766,12498.2,8.091,13021.2,7.395,11901.1,9.179,14772.2,6.947,11180.1,7.959,12808.8,sprague,6.947,11180.1,N,N
julia_churchill,Julia Churchill,childcare_family,childcare-family,"295 Libby Ave, Gorham, ME 04038",43.6967063,-70.4252355,POINT (-70.425235 43.696706),8.504,13685.9,8.798,14159.0,8.144,13106.5,9.727,15654.1,7.719,12422.5,8.737,14060.8,sprague,7.719,12422.5,N,N
creative_explorations_brook_campus,Creative Explorations- Brook Campus,childcare_center,childcare-center,"10 Wentworth Dr, Gorham, ME 04038",43.6899929,-70.4330795,POINT (-70.433080 43.689993),8.644,13911.2,8.955,14411.7,8.278,13322.1,9.965,16037.1,7.84,12617.3,8.855,14250.7,sprague,7.84,12617.3,N,N
kidz_go_eco,Kidz Go Eco,childcare_center,childcare-center,"80 Flag Pond Rd, Saco, ME 04072",43.5515977,-70.4165927,POINT (-70.416593 43.551598),8.851,14244.3,9.382,15098.9,8.774,14120.4,11.097,17858.9,8.322,13393.0,8.771,14115.6,sprague,8.322,13393.0,N,N
storeytime_learning_center_amp_aftercare,Storeytime Learning Center &amp; Aftercare,childcare_center,childcare-center,"133 Middle Rd, Cumberland, ME 04021",43.7661301,-70.2088355,POINT (-70.208836 43.766130),9.516,15314.5,9.044,14554.9,9.542,15356.4,7.83,12601.2,9.361,15065.1,9.821,15805.4,gulf_sunoco,7.83,12601.2,N,N
toddle_inn_day_care_south_portland,Toddle Inn Day Care - South Portland,childcare_center,childcare-center,"57 Gary L Maietta Pkwy, South Portland, ME 04106",43.6053643,-70.2869812,POINT (-70.286981 43.605364),1.754,2822.8,2.221,3574.4,2.074,3337.8,3.762,6054.4,1.756,2826.0,1.485,2389.9,pplc,1.485,2389.9,N,N
chickadee_toddler_care_amp_preschool_units_b1_b2_f,Chickadee Toddler Care &amp; Preschool Units  B1-B2-F,childcare_center,childcare-center,"209 Western Ave Units B1 &amp; B2 &amp; F, South Portland, ME 04106",43.637455,-70.32158,POINT (-70.321580 43.637455),2.252,3624.2,2.622,4219.7,1.845,2969.2,4.111,6616.0,1.394,2243.4,2.338,3762.6,sprague,1.394,2243.4,N,N
community_montessori_of_greater_portland,Community Montessori Of Greater Portland,childcare_center,childcare-center,"26 Johansen St, Portland, ME 04103",43.6824109,-70.2638952,POINT (-70.263895 43.682411),3.212,5169.2,2.87,4618.8,3.188,5130.6,2.361,3799.7,2.992,4815.2,3.582,5764.7,gulf_sunoco,2.361,3799.7,N,N
waypoint_little_dolphin_school_scarborough,Waypoint Little Dolphin School Scarborough,childcare_center,childcare-center,"183 US Route 1, Scarborough, ME 04074",43.5555407,-70.4036774,POINT (-70.403677 43.555541),8.174,13154.8,8.706,14010.9,8.111,13053.4,10.42,16769.4,7.659,12326.0,8.087,13014.8,sprague,7.659,12326.0,N,N
cape_care_part_of_ce_community_services,Cape Care Part Of Ce Community Services,childcare_center,childcare-center,"343 Ocean House Rd, Cape Elizabeth, ME 04107",43.5925071,-70.2270399,POINT (-70.227040 43.592507),3.542,5700.3,3.48,5600.5,4.078,6562.9,3.65,5874.1,4.049,6516.2,2.891,4652.6,pplc,2.891,4652.6,N,N
toddle_inn_child_care_westbrook,Toddle Inn Child Care - Westbrook,childcare_center,childcare-center,"969 Spring St, Westbrook, ME 04092",43.6455838,-70.3566617,POINT (-70.356662 43.645584),4.054,6524.3,4.422,7116.5,3.66,5890.2,5.779,9300.4,3.198,5146.7,4.174,6717.4,sprague,3.198,5146.7,N,N
karen_kullman,Karen Kullman,childcare_family,childcare-family,"41 Little Ave, Westbrook, ME 04092",43.6716177,-70.3624207,POINT (-70.362421 43.671618),4.922,7921.2,5.218,8397.6,4.563,7343.4,6.227,10021.4,4.142,6665.9,5.161,8305.8,sprague,4.142,6665.9,N,N
toddle_inn_child_care_scarborough,Toddle Inn Child Care - Scarborough,childcare_center,childcare-center,"9 Lincoln Ave, Scarborough, ME 04074",43.5829017,-70.3578293,POINT (-70.357829 43.582902),5.204,8375.0,5.736,9231.2,5.149,8286.5,7.449,11988.0,4.697,7559.1,5.123,8244.7,sprague,4.697,7559.1,N,N
falmouth_corner_preschool,Falmouth Corner Preschool,childcare_nursery,childcare-nursery,"190 Middle Rd, Falmouth, ME 04105",43.7239576,-70.2456054,POINT (-70.245605 43.723958),6.199,9976.3,5.807,9345.5,6.185,9953.8,4.84,7789.2,5.986,9633.5,6.561,10558.9,gulf_sunoco,4.84,7789.2,N,N
helena_nime,Helena Nime,childcare_family,childcare-family,"2 Stonewall Way, Westbrook, ME 04092",43.7284161,-70.3363238,POINT (-70.336324 43.728416),6.98,11233.2,6.997,11260.6,6.735,10838.9,7.09,11410.2,6.451,10381.9,7.35,11828.7,sprague,6.451,10381.9,N,N
falmouth_elementary_school,Falmouth Elementary School,childcare_center,childcare-center,"58 Woodville Rd, Falmouth, ME 04105",43.7392666,-70.2745817,POINT (-70.274582 43.739267),7.055,11353.9,6.791,10929.1,6.955,11193.0,6.155,9905.5,6.715,10806.7,7.44,11973.5,gulf_sunoco,6.155,9905.5,N,N
toddle_inn_child_care_center_gorham,Toddle Inn Child Care Center - Gorham,childcare_center,childcare-center,"79 Libby Ave, Gorham, ME 04038",43.683115,-70.4179906,POINT (-70.417991 43.683115),7.761,12490.1,8.076,12997.1,7.394,11899.5,9.114,14667.6,6.954,11191.4,7.969,12824.9,sprague,6.954,11191.4,N,N
imagination_station,Imagination Station,childcare_center,childcare-center,"381 Main St, Gorham, ME 04038",43.6863584,-70.4189232,POINT (-70.418923 43.686358),7.897,12709.0,8.207,13207.9,7.532,12121.6,9.216,14831.7,7.097,11421.5,8.113,13056.6,sprague,7.097,11421.5,N,N
friends_school_of_portland,FRIENDS SCHOOL OF PORTLAND,childcare_center,childcare-center,"11 US RT 1, CUMBERLAND FORESIDE, ME 04110",43.7469293,-70.2125208,POINT (-70.212521 43.746929),8.222,13232.0,7.726,12433.8,8.264,13299.6,6.499,10459.1,8.091,13021.2,8.506,13689.1,gulf_sunoco,6.499,10459.1,N,N
summit_community_church,Summit Community Church,childcare_center,childcare-center,"26 Cressey Rd, Gorham, ME 04038",43.6770822,-70.4615649,POINT (-70.461565 43.677082),9.662,15549.5,10.005,16101.5,9.286,14944.4,11.165,17968.3,8.823,14199.2,9.823,15808.6,sprague,8.823,14199.2,N,N
creative_beginnings_childcare_ctr,Creative Beginnings Childcare Ctr,childcare_center,childcare-center,"2401 Broadway, Building 2, South Portland, ME 04106",43.633867,-70.256817,POINT (-70.256817 43.633867),0.729,1173.2,0.305,490.8,1.282,2063.2,1.308,2105.0,1.24,1995.6,0.495,796.6,citgo,0.305,490.8,Y,N
wishing_tree_preschool,WISHING TREE PRESCHOOL,childcare_family,childcare-family,"11 Hutchinson St, South Portland, ME 04106",43.6337608,-70.284656,POINT (-70.284656 43.633761),0.39,627.6,0.788,1268.2,0.122,196.3,2.448,3939.7,0.045,72.4,0.488,785.4,sprague,0.045,72.4,Y,N
children_s_adventure_center_inc,Children's Adventure Center Inc.,childcare_center,childcare-center,"1156 Broadway, South Portland, ME 04106",43.6281256,-70.2801839,POINT (-70.280184 43.628126),0.23,370.1,0.757,1218.3,0.527,848.1,2.47,3975.1,0.473,761.2,0.278,447.4,global,0.23,370.1,Y,N
growing_learners_harding_street,Growing Learners @ Harding Street,childcare_center,childcare-center,"9 Harding St, South Portland, ME 04106",43.6349646,-70.28969,POINT (-70.289690 43.634965),0.652,1049.3,1.027,1652.8,0.25,402.3,2.639,4247.1,0.0,0.0,0.753,1211.8,sprague,0.0,0.0,Y,N
caroline_kleiman,Caroline Kleiman,childcare_family,childcare-family,"37 Arbutus Ave, South Portland, ME 04106",43.6298077,-70.2600155,POINT (-70.260015 43.629808),0.64,1030.0,0.434,698.5,1.212,1950.5,1.614,2597.5,1.159,1865.2,0.204,328.3,pplc,0.204,328.3,Y,N
lighthouse_school_amp_child_care_center,Lighthouse School &amp; Child Care Center,childcare_center,childcare-center,"525 Highland Ave, South Portland, ME 04106",43.6240548,-70.2655275,POINT (-70.265528 43.624055),0.653,1050.9,0.708,1139.4,1.181,1900.6,2.089,3361.9,1.15,1850.7,0.064,103.0,pplc,0.064,103.0,Y,N
waynflete_school,WAYNFLETE SCHOOL,childcare_center,childcare-center,"360 SPRING ST, PORTLAND, ME 04102",43.6459931,-70.2705287,POINT (-70.270529 43.645993),0.708,1139.4,0.45,724.2,0.813,1308.4,1.489,2396.3,0.79,1271.4,1.063,1710.7,citgo,0.45,724.2,Y,N
kiddie_garden_l_l_c,"Kiddie Garden, L.L.C.",childcare_center,childcare-center,"251 Danforth St, Portland, ME 04102",43.6474241,-70.2661185,POINT (-70.266119 43.647424),0.895,1440.4,0.468,753.2,1.042,1676.9,1.254,2018.1,1.024,1648.0,1.225,1971.4,citgo,0.468,753.2,Y,N
kiddie_garden_llc,Kiddie Garden LLC,childcare_center,childcare-center,"237 Spring St, Portland, ME 04102",43.6492162,-70.2664728,POINT (-70.266473 43.649216),0.994,1599.7,0.593,954.3,1.114,1792.8,1.258,2024.6,1.083,1742.9,1.334,2146.9,citgo,0.593,954.3,Y,N
suzanne_kahill,Suzanne Kahill,childcare_family,childcare-family,"236 Highland Ave, South Portland, ME 04106",43.6297875,-70.2540774,POINT (-70.254077 43.629787),0.915,1472.5,0.606,975.3,1.492,2401.1,1.417,2280.4,1.438,2314.2,0.486,782.1,pplc,0.486,782.1,Y,N
alphabet_tree_early_learning_academy,ALPHABET TREE EARLY LEARNING ACADEMY,childcare_family,childcare-family,"18 Brigham St, South Portland, ME 04106",43.6344263,-70.3014369,POINT (-70.301437 43.634426),1.231,1981.1,1.616,2600.7,0.837,1347.0,3.199,5148.3,0.44,708.1,1.309,2106.6,sprague,0.44,708.1,Y,N
caroline_whitten,Caroline Whitten,childcare_family,childcare-family,"92 Fessenden Ave, South Portland, ME 04106",43.630217,-70.248973,POINT (-70.248973 43.630217),1.152,1854.0,0.693,1115.3,1.725,2776.1,1.248,2008.5,1.675,2695.7,0.74,1190.9,citgo,0.693,1115.3,Y,N
pearlite_montessori_home,Pearlite Montessori Home,childcare_center,childcare-center,"440 Ocean St, South Portland, ME 04106",43.626922,-70.2501691,POINT (-70.250169 43.626922),1.17,1882.9,0.858,1380.8,1.743,2805.1,1.471,2367.3,1.69,2719.8,0.661,1063.8,pplc,0.661,1063.8,Y,N
serina_holbrook,Serina Holbrook,childcare_family,childcare-family,"118 Fellows St, South Portland, ME 04106",43.6337624,-70.3035981,POINT (-70.303598 43.633762),1.337,2151.7,1.727,2779.3,0.95,1528.9,3.316,5336.6,0.557,896.4,1.408,2266.0,sprague,0.557,896.4,Y,N
ready_set_grow_learning_center,Ready Set Grow Learning Center,childcare_center,childcare-center,"100 Westbrook St, South Portland, ME 04106",43.6226843,-70.306686,POINT (-70.306686 43.622684),1.603,2579.8,2.088,3360.3,1.412,2272.4,3.782,6086.5,0.962,1548.2,1.624,2613.6,sprague,0.962,1548.2,Y,N
discovery_center,Discovery Center,childcare_nursery,childcare-nursery,"301 Cottage Rd, South Portland, ME 04106",43.6348433,-70.239237,POINT (-70.239237 43.634843),1.61,2591.0,0.929,1495.1,2.145,3452.0,0.748,1203.8,2.111,3397.3,1.3,2092.1,gulf_sunoco,0.748,1203.8,Y,N
ocean_house_on_the_farm_llc,Ocean House On The Farm LLC,childcare_center,childcare-center,"185 Spurwink Ave, Cape Elizabeth, ME 04107",43.6151117,-70.2490755,POINT (-70.249076 43.615112),1.68,2703.7,1.577,2537.9,2.206,3550.2,2.189,3522.9,2.172,3495.5,1.0,1609.3,pplc,1.0,1609.3,Y,N
chickadee_infant_amp_toddler_care,Chickadee Infant &amp; Toddler Care,childcare_center,childcare-center,"72 Macarthur Cir E, South Portland, ME 04106",43.6374485,-70.3166518,POINT (-70.316652 43.637448),2.005,3226.7,2.375,3822.2,1.599,2573.3,3.87,6228.2,1.148,1847.5,2.097,3374.8,sprague,1.148,1847.5,N,N
kids_world_at_willard_beach,Kids World At Willard Beach,childcare_center,childcare-center,"91 Thompson St, South Portland, ME 04106",43.6412234,-70.234974,POINT (-70.234974 43.641223),1.887,3036.8,1.123,1807.3,2.364,3804.5,0.281,452.2,2.346,3775.5,1.68,2703.7,gulf_sunoco,0.281,452.2,Y,N
christine_wheeler,Christine Wheeler,childcare_family,childcare-family,"18 Cheverus Rd, Cape Elizabeth, ME 04107",43.6215479,-70.2368083,POINT (-70.236808 43.621548),1.933,3110.9,1.54,2478.4,2.501,4025.0,1.635,2631.3,2.451,3944.5,1.372,2208.0,pplc,1.372,2208.0,N,N
children_s_house,Children's House,childcare_center,childcare-center,"415 Forest Ave, Portland, ME 04101",43.6655145,-70.2751467,POINT (-70.275147 43.665515),1.99,3202.6,1.779,2863.0,1.92,3089.9,1.965,3162.4,1.71,2752.0,2.374,3820.6,sprague,1.71,2752.0,N,N
trina_carroll,Trina Carroll,childcare_center,childcare-center,"400 Deering Ave., Portland, ME 04103",43.6658133,-70.2837882,POINT (-70.283788 43.665813),2.041,3284.7,1.962,3157.5,1.895,3049.7,2.365,3806.1,1.65,2655.4,2.429,3909.1,sprague,1.65,2655.4,N,N
katherine_folan,Katherine Folan,childcare_family,childcare-family,"16 Snowberry Dr, South Portland, ME 04106",43.6020961,-70.2844403,POINT (-70.284440 43.602096),1.938,3118.9,2.376,3823.8,2.291,3687.0,3.852,6199.2,1.994,3209.0,1.631,2624.8,pplc,1.631,2624.8,N,N
madeline_chisholm,Madeline Chisholm,childcare_family,childcare-family,"202 Stevens Ave, Portland, ME 04102",43.6656799,-70.2966111,POINT (-70.296611 43.665680),2.237,3600.1,2.306,3711.1,1.997,3213.9,2.954,4754.0,1.724,2774.5,2.607,4195.6,sprague,1.724,2774.5,N,N
trinity_day_school,Trinity Day School,childcare_center,childcare-center,"113 Coyle St, Portland, ME 04103",43.6689409,-70.2821005,POINT (-70.282100 43.668941),2.241,3606.5,2.119,3410.2,2.111,3397.3,2.383,3835.1,1.87,3009.5,2.63,4232.6,sprague,1.87,3009.5,N,N
baby_steps_nursery_amp_child_care,Baby Steps Nursery &amp; Child Care,childcare_center,childcare-center,"1729 Congress St, Portland, ME 04102",43.6584827,-70.3121246,POINT (-70.312125 43.658483),2.329,3748.2,2.581,4153.7,1.996,3212.3,3.582,5764.7,1.64,2639.3,2.628,4229.4,sprague,1.64,2639.3,N,N
hinda_wilansky,Hinda Wilansky,childcare_family,childcare-family,"39 Belfield St, Portland, ME 04103",43.6683228,-70.2961843,POINT (-70.296184 43.668323),2.392,3849.6,2.436,3920.4,2.163,3481.0,3.003,4832.9,1.892,3044.9,2.766,4451.4,sprague,1.892,3044.9,N,N
skills_for_life,Skills for Life,childcare_center,childcare-center,"9 Donald B Dean Dr, South Portland, ME 04106",43.6296531,-70.3275561,POINT (-70.327556 43.629653),2.548,4100.6,2.953,4752.4,2.18,3508.4,4.542,7309.6,1.778,2861.4,2.594,4174.6,sprague,1.778,2861.4,N,N
clara_allen,Clara Allen,childcare_family,childcare-family,"36 Nevens St, Portland, ME 04103",43.6722183,-70.287709,POINT (-70.287709 43.672218),2.512,4042.7,2.442,3930.0,2.345,3773.9,2.737,4404.8,2.089,3361.9,2.899,4665.5,sprague,2.089,3361.9,N,N
shining_star_child_development_center,Shining Star Child Development Center,childcare_center,childcare-center,"60 Darling Ave, South Portland, ME 04106",43.641795,-70.3300749,POINT (-70.330075 43.641795),2.7,4345.2,3.071,4942.3,2.304,3707.9,4.478,7206.6,1.843,2966.0,2.821,4540.0,sprague,1.843,2966.0,N,N
maiden_cove_child_center,Maiden Cove Child Center,childcare_center,childcare-center,"21 Cottage Ln, Cape Elizabeth, ME 04107",43.6273522,-70.215285,POINT (-70.215285 43.627352),2.846,4580.2,2.228,3585.6,3.409,5486.3,1.583,2547.6,3.365,5415.4,2.406,3872.1,gulf_sunoco,1.583,2547.6,N,N
anne_salamone,Anne Salamone,childcare_family,childcare-family,"6 Richardson St, Portland, ME 04103",43.6764726,-70.2968684,POINT (-70.296868 43.676473),2.923,4704.1,2.922,4702.5,2.712,4364.5,3.28,5278.6,2.443,3931.6,3.303,5315.7,sprague,2.443,3931.6,N,N
comfy_cape_children_s_center,Comfy Cape Children's Center,childcare_center,childcare-center,"111 Scott Dyer Rd, Cape Elizabeth, ME 04107",43.5951298,-70.2409872,POINT (-70.240987 43.595130),2.952,4750.8,2.981,4797.5,3.488,5613.4,3.46,5568.3,3.463,5573.2,2.345,3773.9,pplc,2.345,3773.9,N,N
growing_learners_at_stevens_square,Growing Learners At Stevens Square,childcare_center,childcare-center,"631 Stevens Ave, Portland, ME 04103",43.6799639,-70.2936578,POINT (-70.293658 43.679964),3.101,4990.6,3.052,4911.7,2.912,4686.4,3.275,5270.6,2.649,4263.2,3.486,5610.2,sprague,2.649,4263.2,N,N
growing_learners_child_care_center,Growing Learners Child Care Center,childcare_center,childcare-center,"970 Forest Ave., Portland, ME 04103",43.680733,-70.2899753,POINT (-70.289975 43.680733),3.107,5000.2,3.019,4858.6,2.938,4728.3,3.159,5083.9,2.68,4313.0,3.494,5623.0,sprague,2.68,4313.0,N,N
gentle_wings,Gentle Wings,childcare_center,childcare-center,"1001 Forest Ave, Portland, ME 04103",43.6820617,-70.289917,POINT (-70.289917 43.682062),3.196,5143.5,3.101,4990.6,3.029,4874.7,3.214,5172.4,2.771,4459.5,3.583,5766.3,sprague,2.771,4459.5,N,N
diane_gervais,Diane Gervais,childcare_family,childcare-family,"21 Cumberland Way, Scarborough, ME 04074",43.6112879,-70.3352328,POINT (-70.335233 43.611288),3.219,5180.5,3.717,5981.9,3.03,4876.3,5.412,8709.8,2.586,4161.8,3.214,5172.4,sprague,2.586,4161.8,N,N
bright_eyes_early_learning_center,Bright Eyes Early Learning Center,childcare_center,childcare-center,"280 Ocean House Rd, Cape Elizabeth, ME 04107",43.5980268,-70.2299264,POINT (-70.229926 43.598027),3.173,5106.4,3.086,4966.4,3.706,5964.2,3.258,5243.2,3.675,5914.3,2.51,4039.5,pplc,2.51,4039.5,N,N
back_cove_school,Back Cove School,childcare_center,childcare-center,"535 Ocean Ave, Portland, ME 04103",43.6851078,-70.2687534,POINT (-70.268753 43.685108),3.357,5402.6,3.06,4924.6,3.303,5315.7,2.651,4266.4,3.09,4972.9,3.735,6010.9,gulf_sunoco,2.651,4266.4,N,N
string_bean_farm_school,String Bean Farm School,childcare_center,childcare-center,"1231 Shore Rd, Cape Elizabeth, ME 04107",43.5969495,-70.2275638,POINT (-70.227564 43.596950),3.31,5326.9,3.206,5159.6,3.843,6184.7,3.343,5380.0,3.812,6134.8,2.645,4256.7,pplc,2.645,4256.7,N,N
the_academy_for_active_learners_llc,The Academy For Active Learners LLC,childcare_center,childcare-center,"134 Warren Ave, Portland, ME 04102",43.6878721,-70.3023625,POINT (-70.302363 43.687872),3.753,6039.9,3.737,6014.1,3.539,5695.5,3.949,6355.3,3.268,5259.3,4.133,6651.4,sprague,3.268,5259.3,N,N
united_4_childcare_growing_learners_gannett_drive,United 4 childcare Growing Learners Gannett Drive,childcare_center,childcare-center,"236 Gannett Dr, South Portland, ME 04106",43.6404174,-70.3576426,POINT (-70.357643 43.640417),4.065,6542.0,4.435,7137.4,3.66,5890.2,5.859,9429.1,3.206,5159.6,4.151,6680.4,sprague,3.206,5159.6,N,N
bethel_kids_care_dba_the_children_s_ark_learning_academy,Bethel Kids Care DBA The Children's Ark Learning Academy,childcare_center,childcare-center,"36 Patrick Dr, Westbrook, ME 04092",43.6767981,-70.3364397,POINT (-70.336440 43.676798),4.074,6556.5,4.294,6910.5,3.745,6027.0,5.087,8186.7,3.386,5449.2,4.378,7045.7,sprague,3.386,5449.2,N,N
roselyn_north_academy_patrick_drive_westbrook,Roselyn North Academy- Patrick Drive- Westbrook,childcare_center,childcare-center,"18 Patrick Dr, Westbrook, ME 04092",43.6766769,-70.3376551,POINT (-70.337655 43.676677),4.113,6619.2,4.338,6981.3,3.782,6086.5,5.141,8273.6,3.42,5504.0,4.414,7103.6,sprague,3.42,5504.0,N,N
peaks_island_children_s_workshop,Peaks Island Children's Workshop,childcare_center,childcare-center,"71 Herman Ave, Peaks Island, ME 04108",43.6577102,-70.1946842,POINT (-70.194684 43.657710),4.167,6706.1,3.378,5436.4,4.581,7372.4,1.822,2932.2,4.564,7345.0,3.992,6424.5,gulf_sunoco,1.822,2932.2,N,N
sholeh_misaghian,Sholeh Misaghian,childcare_family,childcare-family,"11 Gertrude Ave, Portland, ME 04103",43.6972949,-70.2852486,POINT (-70.285249 43.697295),4.194,6749.6,4.018,6466.3,4.059,6532.3,3.81,6131.6,3.809,6130.0,4.582,7374.0,sprague,3.809,6130.0,N,N
portside_infant_and_toddler_center,Portside Infant and Toddler Center,childcare_center,childcare-center,"1364 Washington Ave, Portland, ME 04103",43.6989615,-70.2879648,POINT (-70.287965 43.698962),4.324,6958.8,4.164,6701.3,4.178,6723.8,3.983,6410.0,3.925,6316.7,4.712,7583.2,sprague,3.925,6316.7,N,N
colleen_snyder,COLLEEN SNYDER,childcare_center,childcare-center,"2 HIGHLAND AVE, SCARBOROUGH, ME 04074",43.5781133,-70.3220026,POINT (-70.322003 43.578113),4.221,6793.0,4.735,7620.2,4.367,7028.0,6.328,10183.9,3.948,6353.7,4.025,6477.6,sprague,3.948,6353.7,N,N
pied_piper_preschool,Pied Piper Preschool,childcare_nursery,childcare-nursery,"167 Black Point Road, Scarborough, ME 04074",43.5753548,-70.3202803,POINT (-70.320280 43.575355),4.337,6979.7,4.843,7794.1,4.504,7248.5,6.413,10320.7,4.09,6582.2,4.125,6638.5,sprague,4.09,6582.2,N,N
brenda_keites,Brenda Keites,childcare_family,childcare-family,"21 Gray St, Westbrook, ME 04092",43.6773985,-70.3483533,POINT (-70.348353 43.677399),4.555,7330.6,4.808,7737.7,4.213,6780.2,5.662,9112.1,3.831,6165.4,4.838,7786.0,sprague,3.831,6165.4,N,N
lil_folk_farm_inc,"Lil' Folk Farm, Inc.",childcare_center,childcare-center,"192 Black Point Rd, Scarborough, ME 04074",43.5730009,-70.3175501,POINT (-70.317550 43.573001),4.41,7097.2,4.908,7898.7,4.602,7406.2,6.45,10380.3,4.195,6751.2,4.181,6728.7,pplc,4.181,6728.7,N,N
nilo_hejabian,Nilo Hejabian,childcare_family,childcare-family,"453 Ray St, Portland, ME 04103",43.704256,-70.2823442,POINT (-70.282344 43.704256),4.659,7497.9,4.453,7166.4,4.536,7300.0,4.121,6632.1,4.291,6905.7,5.046,8120.7,gulf_sunoco,4.121,6632.1,N,N
brandi_lawrence,Brandi Lawrence,childcare_family,childcare-family,"89 Lynn St, Portland, ME 04103",43.7006895,-70.3070643,POINT (-70.307064 43.700690),4.661,7501.2,4.624,7441.6,4.45,7161.6,4.706,7573.6,4.18,6727.1,5.042,8114.3,sprague,4.18,6727.1,N,N
roselyn_north_academy_main_westbrook,Roselyn North Academy- Main Westbrook,childcare_center,childcare-center,"596 Main St, Westbrook, ME 04092",43.6787891,-70.3549194,POINT (-70.354919 43.678789),4.874,7843.9,5.135,8264.0,4.529,7288.7,6.003,9660.9,4.138,6659.5,5.15,8288.1,sprague,4.138,6659.5,N,N
mary_casey,Mary Casey,childcare_family,childcare-family,"9 Channel View Rd, Cape Elizabeth, ME 04107",43.5734715,-70.2089684,POINT (-70.208968 43.573471),5.119,8238.2,5.068,8156.2,5.657,9104.1,5.105,8215.7,5.629,9059.0,4.478,7206.6,pplc,4.478,7206.6,N,N
joanne_jody_richardson,Joanne (Jody) Richardson,childcare_family,childcare-family,"343 E Bridge St, Westbrook, ME 04092",43.6958708,-70.3421653,POINT (-70.342165 43.695871),5.229,8415.3,5.373,8647.0,4.928,7930.8,5.908,9508.0,4.601,7404.6,5.564,8954.4,sprague,4.601,7404.6,N,N
rebecca_hansen,Rebecca Hansen,childcare_family,childcare-family,"156 W Pleasant St, Westbrook, ME 04092",43.6704639,-70.3719397,POINT (-70.371940 43.670464),5.308,8542.4,5.617,9039.7,4.943,7955.0,6.675,10742.4,4.511,7259.8,5.528,8896.5,sprague,4.511,7259.8,N,N
naila_matkevich,Naila Matkevich,childcare_family,childcare-family,"1837 Washington Ave, Portland, ME 04103",43.7125539,-70.2990055,POINT (-70.299006 43.712554),5.339,8592.3,5.22,8400.8,5.165,8312.3,5.061,8144.9,4.903,7890.6,5.726,9215.1,sprague,4.903,7890.6,N,N
christina_arroyo,Christina Arroyo,childcare_family,childcare-family,"17 Hillside Rd, Portland, ME 04103",43.7156623,-70.2912831,POINT (-70.291283 43.715662),5.483,8824.0,5.315,8553.7,5.334,8584.2,5.022,8082.1,5.078,8172.2,5.871,9448.5,gulf_sunoco,5.022,8082.1,N,N
little_steps_childcare,Little Steps Childcare,childcare_center,childcare-center,"476 Summit St., Portland, ME 04103",43.7178769,-70.2960791,POINT (-70.296079 43.717877),5.67,9125.0,5.524,8890.0,5.508,8864.3,5.28,8497.3,5.249,8447.4,6.058,9749.4,sprague,5.249,8447.4,N,N
mbiko_family_learning_center,Mbiko Family Learning Center,childcare_center,childcare-center,"1340 Riverside Dr, Portland, ME 04103",42.8645242,-84.9095276,POINT (-84.909528 42.864524),743.749,1196948.0,744.15,1197593.3,743.362,1196325.2,745.629,1199973.6,742.919,1195612.2,743.795,1197022.0,sprague,742.919,1195612.2,N,Y
little_stars_infant_amp_toddlers,Little Stars Infant &amp; Toddlers,childcare_center,childcare-center,"406 Cumberland St, Westbrook, ME 04092",43.6899776,-70.3642261,POINT (-70.364226 43.689978),5.715,9197.4,5.95,9575.6,5.378,8655.1,6.716,10808.4,5.001,8048.3,6.005,9664.1,sprague,5.001,8048.3,N,N
maine_nature_academy_dba_growing_tree_childcare,Maine Nature Academy dba Growing Tree Childcare,childcare_center,childcare-center,"110 Davis Farm Rd., Portland, ME 04103",43.7188025,-70.3013937,POINT (-70.301394 43.718803),5.784,9308.4,5.664,9115.3,5.607,9023.6,5.481,8820.8,5.344,8600.3,6.171,9931.3,sprague,5.344,8600.3,N,N
little_stars_preschool_developmental_concepts_llc,"Little Stars Preschool, Developmental Concepts, LLC",childcare_center,childcare-center,"449 Cumberland St, Westbrook, ME 04092",43.6914762,-70.3654078,POINT (-70.365408 43.691476),5.827,9377.6,6.058,9749.4,5.49,8835.3,6.811,10961.2,5.115,8231.8,6.118,9846.0,sprague,5.115,8231.8,N,N
st_mary_s_child_care_center_dba_caring_hearts_childcare_cent,St. Mary's Child Care Center dba Caring Hearts Childcare Center,childcare_center,childcare-center,"43 Foreside Road, Falmouth, ME 04105",43.713733,-70.2279436,POINT (-70.227944 43.713733),5.823,9371.2,5.321,8563.3,5.881,9464.6,4.152,6682.0,5.72,9205.4,6.1,9817.0,gulf_sunoco,4.152,6682.0,N,N
my_first_school,My First School,childcare_nursery,childcare-nursery,"235 Pride St, Westbrook, ME 04092",43.7088707,-70.3369258,POINT (-70.336926 43.708871),5.811,9351.9,5.886,9472.6,5.54,8915.8,6.199,9976.3,5.241,8434.6,6.168,9926.4,sprague,5.241,8434.6,N,N
omar_ghosheh,OMAR GHOSHEH,childcare_family,childcare-family,"40 Beech Ridge Rd., Scarborough, ME 04074",43.5903757,-70.3885456,POINT (-70.388546 43.590376),6.246,10052.0,6.751,10864.7,6.057,9747.8,8.445,13590.9,5.617,9039.7,6.23,10026.2,sprague,5.617,9039.7,N,N
falmouth_kindervillage,Falmouth Kindervillage,childcare_center,childcare-center,"190 Middle Rd, Falmouth, ME 04105",43.7239576,-70.2456054,POINT (-70.245605 43.723958),6.199,9976.3,5.807,9345.5,6.185,9953.8,4.84,7789.2,5.986,9633.5,6.561,10558.9,gulf_sunoco,4.84,7789.2,N,N
seedlings_to_sunflowers_industrial_parkway,Seedlings To Sunflowers-Industrial Parkway,childcare_center,childcare-center,"3 Gorham Industrial Pkwy, Gorham, ME 04038",43.6834624,-70.3845001,POINT (-70.384500 43.683462),6.285,10114.7,6.573,10578.2,5.928,9540.2,7.509,12084.6,5.511,8869.1,6.53,10509.0,sprague,5.511,8869.1,N,N
growing_learners_rich_way,Growing Learners @ Rich Way,childcare_center,childcare-center,"6 Rich Way, Falmouth, ME 04105",43.7276926,-70.238705,POINT (-70.238705 43.727693),6.538,10521.9,6.126,9858.8,6.539,10523.5,5.081,8177.1,6.347,10214.5,6.895,11096.4,gulf_sunoco,5.081,8177.1,N,N
cradle_inn_daycare,Cradle Inn Daycare,childcare_center,childcare-center,"658 Main St, Gorham, ME 04038",43.6866083,-70.3879412,POINT (-70.387941 43.686608),6.544,10531.5,6.828,10988.6,6.189,9960.2,7.739,12454.7,5.775,9294.0,6.793,10932.3,sprague,5.775,9294.0,N,N
leah_kane,Leah Kane,childcare_family,childcare-family,"160 Holmes Rd, Scarborough, ME 04074",43.6078743,-70.4044436,POINT (-70.404444 43.607874),6.597,10616.8,7.043,11334.6,6.289,10121.2,8.672,13956.2,5.886,9472.6,6.625,10661.9,sprague,5.886,9472.6,N,N
little_willow_school_house,LITTLE WILLOW SCHOOL HOUSE,childcare_center,childcare-center,"239 MIDDLE RD, FALMOUTH, ME 04105",43.7303489,-70.2407712,POINT (-70.240771 43.730349),6.686,10760.1,6.283,10111.5,6.677,10745.6,5.265,8473.2,6.481,10430.2,7.045,11337.8,gulf_sunoco,5.265,8473.2,N,N
melanie_collins,Melanie Collins,childcare_family,childcare-family,"257 Middle Rd, Falmouth, ME 04105",43.731954,-70.238886,POINT (-70.238886 43.731954),6.817,10970.9,6.41,10315.9,6.812,10962.9,5.374,8648.6,6.617,10649.0,7.175,11547.0,gulf_sunoco,5.374,8648.6,N,N
little_hands_daycare,Little Hands Daycare,childcare_center,childcare-center,"72 Gray Rd, Falmouth, ME 04105",43.7347093,-70.2976963,POINT (-70.297696 43.734709),6.824,10982.2,6.662,10721.4,6.666,10727.9,6.315,10163.0,6.407,10311.1,7.212,11606.6,gulf_sunoco,6.315,10163.0,N,N
scarborough_childrens_academy,Scarborough Childrens Academy,childcare_center,childcare-center,"605 Us Route 1, Scarborough, ME 04074",43.5555407,-70.4036774,POINT (-70.403677 43.555541),8.174,13154.8,8.706,14010.9,8.111,13053.4,10.42,16769.4,7.659,12326.0,8.087,13014.8,sprague,7.659,12326.0,N,N
sun_catchers_childcare,Sun Catchers Childcare,childcare_center,childcare-center,"628 Us Route 1, Scarborough, ME 04074",43.5555407,-70.4036774,POINT (-70.403677 43.555541),8.174,13154.8,8.706,14010.9,8.111,13053.4,10.42,16769.4,7.659,12326.0,8.087,13014.8,sprague,7.659,12326.0,N,N
seedlings_to_sunflowers_south_gorham,Seedlings To Sunflowers-South Gorham,childcare_center,childcare-center,"11 S Gorham Xing, Gorham, ME 04038",43.6401424,-70.4217635,POINT (-70.421763 43.640142),7.267,11695.1,7.64,12295.4,6.863,11044.9,9.056,14574.2,6.412,10319.1,7.336,11806.1,sprague,6.412,10319.1,N,N
mountainside_community_church,Mountainside Community Church,childcare_center,childcare-center,"18 Mountain Rd, Falmouth, ME 04105",43.7463895,-70.3019303,POINT (-70.301930 43.746389),7.649,12309.9,7.491,12055.6,7.487,12049.2,7.124,11465.0,7.227,11630.7,8.038,12935.9,gulf_sunoco,7.124,11465.0,N,N
carla_fickett,Carla Fickett,childcare_family,childcare-family,"41 WATERHOUSE RD, GORHAM, ME 04038",43.6537914,-70.4365712,POINT (-70.436571 43.653791),8.092,13022.8,8.459,13613.4,7.696,12385.5,9.77,15723.3,7.235,11643.6,8.201,13198.2,sprague,7.235,11643.6,N,N
roselyn_north_academy_saco,Roselyn North Academy- Saco,childcare_center,childcare-center,"8 Waterfall Dr, Saco, ME 04072",43.5531462,-70.4033539,POINT (-70.403354 43.553146),8.265,13301.2,8.798,14159.0,8.211,13214.3,10.51,16914.2,7.76,12488.5,8.173,13153.2,sprague,7.76,12488.5,N,N
roselyn_north_academy_north_gorham,Roselyn North Academy- North Gorham,childcare_center,childcare-center,"17 Railroad Ave, Gorham, ME 04038",43.6790371,-70.437144,POINT (-70.437144 43.679037),8.544,13750.2,8.876,14284.5,8.171,13149.9,9.987,16072.5,7.717,12419.3,8.726,14043.1,sprague,7.717,12419.3,N,N
katelyn_cain,Katelyn Cain,childcare_family,childcare-family,"249 County Rd, Gorham, ME 04038",42.8362839,-77.2132999,POINT (-77.213300 42.836284),356.066,573032.7,356.482,573702.2,355.698,572440.4,358.03,576193.4,355.271,571753.3,356.099,573085.8,sprague,355.271,571753.3,N,Y
rebecca_armstrong,Rebecca Armstrong,childcare_family,childcare-family,"31 Middle Rd, Cumberland Center, ME 04021",43.7542651,-70.2192481,POINT (-70.219248 43.754265),8.573,13796.9,8.124,13074.3,8.591,13825.9,6.962,11204.3,8.405,13526.5,8.897,14318.3,gulf_sunoco,6.962,11204.3,N,N
jill_ball,Jill Ball,childcare_family,childcare-family,"60 Running Springs Rd, Gorham, ME 04038",43.6692006,-70.4434371,POINT (-70.443437 43.669201),8.643,13909.6,8.991,14469.6,8.263,13298.0,10.19,16399.2,7.799,12551.3,8.794,14152.6,sprague,7.799,12551.3,N,N
children_s_adventure_day_care_amp_learning_center,Children's Adventure Day Care &amp; Learning Center,childcare_center,childcare-center,"39 School St, Gorham, ME 04038",43.6806562,-70.4433025,POINT (-70.443303 43.680656),8.872,14278.1,9.203,14810.8,8.498,13676.2,10.311,16593.9,8.045,12947.2,9.053,14569.4,sprague,8.045,12947.2,N,N
gorham_arts_alliance,Gorham Arts Alliance,childcare_center,childcare-center,"34 School St, Gorham, ME 04038",43.680291,-70.4435457,POINT (-70.443546 43.680291),8.875,14282.9,9.206,14815.6,8.501,13681.0,10.318,16605.2,8.047,12950.4,9.055,14572.6,sprague,8.047,12950.4,N,N
dayle_footer,Dayle Footer,childcare_family,childcare-family,"7 Access Rd, Gorham, ME 04038",43.6739712,-70.4499537,POINT (-70.449954 43.673971),9.045,14556.5,9.388,15108.5,8.669,13951.4,10.558,16991.5,8.205,13204.7,9.205,14814.0,sprague,8.205,13204.7,N,N
amy_toney_bolduc,Amy Toney- Bolduc,childcare_family,childcare-family,"1 Strawberry Ln, Saco, ME 04072",43.5682199,-70.4338729,POINT (-70.433873 43.568220),8.962,14422.9,9.475,15248.5,8.791,14147.7,11.175,17984.4,8.348,13434.8,8.936,14381.1,sprague,8.348,13434.8,N,N
ashley_bubar,Ashley Bubar,childcare_family,childcare-family,"10 Vanessa Dr, Windham, ME 04062",43.769188,-70.3635343,POINT (-70.363534 43.769188),10.092,16241.5,10.102,16257.6,9.844,15842.4,10.106,16264.0,9.558,15382.1,10.462,16837.0,sprague,9.558,15382.1,N,N
watch_us_grow_preschool,Watch Us Grow Preschool,childcare_nursery,childcare-nursery,"81 Cressey Rd, Gorham, ME 04038",43.6785014,-70.4606167,POINT (-70.460617 43.678501),9.645,15522.1,9.985,16069.3,9.27,14918.6,11.135,17920.0,8.808,14175.1,9.81,15787.7,sprague,8.808,14175.1,N,N
willow_school_cumberland,Willow School- Cumberland,childcare_center,childcare-center,"10 Corey Rd, Cumberland, ME 04021",43.7761955,-70.2528031,POINT (-70.252803 43.776196),9.664,15552.7,9.332,15018.4,9.6,15449.7,8.445,13590.9,9.374,15086.0,10.041,16159.4,gulf_sunoco,8.445,13590.9,N,N
kids_place_child_care_center,Kids Place Child Care Center,childcare_center,childcare-center,"374 North Rd, Chebeague Island, ME 04017",43.7298041,-70.1282725,POINT (-70.128272 43.729804),9.716,15636.4,8.959,14418.1,9.957,16024.2,7.337,11807.8,9.92,15964.7,9.698,15607.4,gulf_sunoco,7.337,11807.8,N,N
denise_dyer,Denise Dyer,childcare_family,childcare-family,"128 Land Of Nod Rd, Windham, ME 04062",43.7551394,-70.3851023,POINT (-70.385102 43.755139),9.784,15745.8,9.871,15885.8,9.5,15288.8,10.106,16264.0,9.188,14786.7,10.133,16307.5,sprague,9.188,14786.7,N,N
camilla_taylor,Camilla Taylor,childcare_license_exempt,childcare-license,"107 Mussey St Apt C, South Portland , ME 04106",43.640725,-70.244397,POINT (-70.244397 43.640725),1.426,2294.9,0.651,1047.7,1.892,3044.9,0.53,853.0,1.875,3017.5,1.273,2048.7,gulf_sunoco,0.53,853.0,Y,N
jacobs_maija,"Jacobs, Maija",childcare_license_exempt,childcare-license,"134 Cumberland St , Westbrook , ME 04092",43.6837539,-70.3545564,POINT (-70.354556 43.683754),5.071,8161.0,5.309,8544.0,4.733,7617.0,6.105,9825.0,4.357,7011.9,5.36,8626.1,sprague,4.357,7011.9,N,N
michelle_mcclure,Michelle McClure,childcare_family,childcare-family,"20 Mcclure Dr, Buxton, ME 04093",43.6216329,-70.4789581,POINT (-70.478958 43.621633),10.149,16333.2,10.548,16975.4,9.77,15723.3,12.058,19405.5,9.339,15029.7,10.194,16405.7,sprague,9.339,15029.7,N,N
nichole_reasoner,Nichole Reasoner,childcare_family,childcare-family,"20 Parker Hill Rd, Gorham, ME 04038",43.7339341,-70.4298,POINT (-70.429800 43.733934),10.166,16360.6,10.383,16709.8,9.831,15821.5,11.006,17712.4,9.455,15216.3,10.459,16832.1,sprague,9.455,15216.3,N,N
sara_wiggs,Sara Wiggs,childcare_family,childcare-family,"200 Jenkins Rd, Saco, ME 04072",43.5476387,-70.4415798,POINT (-70.441580 43.547639),10.028,16138.5,10.555,16986.6,9.916,15958.3,12.268,19743.4,9.466,15234.1,9.965,16037.1,sprague,9.466,15234.1,N,N
toddle_inn_day_care_cumberland_foreside,Toddle Inn Day Care - Cumberland Foreside,childcare_center,childcare-center,"10 Thomas Dr, Cumberland Foreside, ME 04110",43.7803421,-70.1918355,POINT (-70.191835 43.780342),10.737,17279.5,10.227,16458.8,10.78,17348.7,8.943,14392.4,10.605,17067.1,11.01,17718.9,gulf_sunoco,8.943,14392.4,N,N
finch_amp_fiddle,FINCH &amp; FIDDLE,childcare_family,childcare-family,"286 Princes Point Rd, Yarmouth, ME 04096",43.780214,-70.1670727,POINT (-70.167073 43.780214),11.269,18135.7,10.679,17186.2,11.351,18267.7,9.283,14939.5,11.199,18023.0,11.466,18452.7,gulf_sunoco,9.283,14939.5,N,N
darcey_james,Darcey James,childcare_family,childcare-family,"295 Tuttle Rd, Cumberland, ME 04021",43.7910802,-70.2456689,POINT (-70.245669 43.791080),10.725,17260.2,10.38,16705.0,10.667,17166.9,9.443,15197.0,10.444,16808.0,11.099,17862.1,gulf_sunoco,9.443,15197.0,N,N
